timestamp, name, pci.bus_id, utilization.gpu [%], utilization.memory [%], memory.used [MiB], memory.total [MiB], power.draw [W], temperature.gpu, pcie.link.gen.current, pcie.link.width.current
2026/01/26 06:33:56.859, NVIDIA H100 NVL, 00000000:38:00.0, 0 %, 0 %, 14 MiB, 95830 MiB, 92.07 W, 57, 5, 16
2026/01/26 06:33:56.891, NVIDIA H100 NVL, 00000000:A8:00.0, 0 %, 0 %, 14 MiB, 95830 MiB, 89.02 W, 49, 5, 16
2026/01/26 06:33:57.925, NVIDIA H100 NVL, 00000000:38:00.0, 0 %, 0 %, 14 MiB, 95830 MiB, 92.08 W, 57, 5, 16
2026/01/26 06:33:57.956, NVIDIA H100 NVL, 00000000:A8:00.0, 0 %, 0 %, 14 MiB, 95830 MiB, 89.08 W, 49, 5, 16
2026/01/26 06:33:58.985, NVIDIA H100 NVL, 00000000:38:00.0, 0 %, 0 %, 14 MiB, 95830 MiB, 92.08 W, 57, 5, 16
2026/01/26 06:33:59.017, NVIDIA H100 NVL, 00000000:A8:00.0, 0 %, 0 %, 14 MiB, 95830 MiB, 89.09 W, 49, 5, 16
2026/01/26 06:34:00.046, NVIDIA H100 NVL, 00000000:38:00.0, 0 %, 0 %, 14 MiB, 95830 MiB, 92.08 W, 57, 5, 16
2026/01/26 06:34:00.077, NVIDIA H100 NVL, 00000000:A8:00.0, 0 %, 0 %, 14 MiB, 95830 MiB, 89.00 W, 49, 5, 16
2026/01/26 06:34:01.106, NVIDIA H100 NVL, 00000000:38:00.0, 0 %, 0 %, 14 MiB, 95830 MiB, 92.08 W, 57, 5, 16
2026/01/26 06:34:01.135, NVIDIA H100 NVL, 00000000:A8:00.0, 0 %, 0 %, 14 MiB, 95830 MiB, 89.16 W, 49, 5, 16
2026/01/26 06:34:02.164, NVIDIA H100 NVL, 00000000:38:00.0, 0 %, 0 %, 14 MiB, 95830 MiB, 92.08 W, 57, 5, 16
2026/01/26 06:34:02.194, NVIDIA H100 NVL, 00000000:A8:00.0, 0 %, 0 %, 14 MiB, 95830 MiB, 89.01 W, 49, 5, 16
2026/01/26 06:34:03.224, NVIDIA H100 NVL, 00000000:38:00.0, 0 %, 0 %, 14 MiB, 95830 MiB, 92.08 W, 57, 5, 16
2026/01/26 06:34:03.253, NVIDIA H100 NVL, 00000000:A8:00.0, 0 %, 0 %, 14 MiB, 95830 MiB, 88.99 W, 49, 5, 16
2026/01/26 06:34:04.281, NVIDIA H100 NVL, 00000000:38:00.0, 0 %, 0 %, 14 MiB, 95830 MiB, 92.09 W, 57, 5, 16
2026/01/26 06:34:04.309, NVIDIA H100 NVL, 00000000:A8:00.0, 0 %, 0 %, 14 MiB, 95830 MiB, 89.01 W, 49, 5, 16
2026/01/26 06:34:05.337, NVIDIA H100 NVL, 00000000:38:00.0, 0 %, 0 %, 14 MiB, 95830 MiB, 92.08 W, 57, 5, 16
2026/01/26 06:34:05.368, NVIDIA H100 NVL, 00000000:A8:00.0, 0 %, 0 %, 14 MiB, 95830 MiB, 89.08 W, 49, 5, 16
2026/01/26 06:34:06.396, NVIDIA H100 NVL, 00000000:38:00.0, 0 %, 0 %, 14 MiB, 95830 MiB, 92.08 W, 57, 5, 16
2026/01/26 06:34:06.426, NVIDIA H100 NVL, 00000000:A8:00.0, 0 %, 0 %, 14 MiB, 95830 MiB, 89.08 W, 49, 5, 16
2026/01/26 06:34:07.454, NVIDIA H100 NVL, 00000000:38:00.0, 0 %, 0 %, 14 MiB, 95830 MiB, 92.07 W, 57, 5, 16
2026/01/26 06:34:07.483, NVIDIA H100 NVL, 00000000:A8:00.0, 0 %, 0 %, 14 MiB, 95830 MiB, 89.00 W, 49, 5, 16
2026/01/26 06:34:08.512, NVIDIA H100 NVL, 00000000:38:00.0, 0 %, 0 %, 558 MiB, 95830 MiB, 92.12 W, 57, 5, 16
2026/01/26 06:34:08.555, NVIDIA H100 NVL, 00000000:A8:00.0, 0 %, 0 %, 17 MiB, 95830 MiB, 89.04 W, 49, 5, 16
2026/01/26 06:34:09.583, NVIDIA H100 NVL, 00000000:38:00.0, 0 %, 0 %, 630 MiB, 95830 MiB, 93.93 W, 57, 5, 16
2026/01/26 06:34:09.612, NVIDIA H100 NVL, 00000000:A8:00.0, 0 %, 0 %, 17 MiB, 95830 MiB, 89.00 W, 49, 5, 16
2026/01/26 06:34:10.643, NVIDIA H100 NVL, 00000000:38:00.0, 0 %, 0 %, 1150 MiB, 95830 MiB, 93.92 W, 57, 5, 16
2026/01/26 06:34:10.673, NVIDIA H100 NVL, 00000000:A8:00.0, 0 %, 0 %, 17 MiB, 95830 MiB, 89.04 W, 49, 5, 16
2026/01/26 06:34:11.707, NVIDIA H100 NVL, 00000000:38:00.0, 0 %, 0 %, 1412 MiB, 95830 MiB, 94.26 W, 57, 5, 16
2026/01/26 06:34:11.748, NVIDIA H100 NVL, 00000000:A8:00.0, 0 %, 0 %, 17 MiB, 95830 MiB, 89.07 W, 49, 5, 16
2026/01/26 06:34:12.778, NVIDIA H100 NVL, 00000000:38:00.0, 2 %, 0 %, 1866 MiB, 95830 MiB, 93.88 W, 57, 5, 16
2026/01/26 06:34:12.807, NVIDIA H100 NVL, 00000000:A8:00.0, 0 %, 0 %, 17 MiB, 95830 MiB, 89.03 W, 49, 5, 16
2026/01/26 06:34:13.835, NVIDIA H100 NVL, 00000000:38:00.0, 1 %, 0 %, 2014 MiB, 95830 MiB, 91.95 W, 57, 5, 16
2026/01/26 06:34:13.865, NVIDIA H100 NVL, 00000000:A8:00.0, 0 %, 0 %, 17 MiB, 95830 MiB, 89.09 W, 49, 5, 16
2026/01/26 06:34:14.894, NVIDIA H100 NVL, 00000000:38:00.0, 0 %, 0 %, 2602 MiB, 95830 MiB, 91.98 W, 57, 5, 16
2026/01/26 06:34:14.923, NVIDIA H100 NVL, 00000000:A8:00.0, 0 %, 0 %, 17 MiB, 95830 MiB, 89.08 W, 49, 5, 16
2026/01/26 06:34:15.951, NVIDIA H100 NVL, 00000000:38:00.0, 85 %, 0 %, 2612 MiB, 95830 MiB, 92.00 W, 57, 5, 16
2026/01/26 06:34:15.983, NVIDIA H100 NVL, 00000000:A8:00.0, 0 %, 0 %, 17 MiB, 95830 MiB, 89.10 W, 49, 5, 16
2026/01/26 06:34:17.012, NVIDIA H100 NVL, 00000000:38:00.0, 93 %, 0 %, 2596 MiB, 95830 MiB, 99.47 W, 57, 5, 16
2026/01/26 06:34:17.040, NVIDIA H100 NVL, 00000000:A8:00.0, 0 %, 0 %, 17 MiB, 95830 MiB, 89.03 W, 49, 5, 16
2026/01/26 06:34:18.068, NVIDIA H100 NVL, 00000000:38:00.0, 39 %, 0 %, 2596 MiB, 95830 MiB, 92.04 W, 57, 5, 16
2026/01/26 06:34:18.098, NVIDIA H100 NVL, 00000000:A8:00.0, 0 %, 0 %, 17 MiB, 95830 MiB, 88.99 W, 49, 5, 16
2026/01/26 06:34:19.126, NVIDIA H100 NVL, 00000000:38:00.0, 78 %, 0 %, 2624 MiB, 95830 MiB, 94.93 W, 57, 5, 16
2026/01/26 06:34:19.155, NVIDIA H100 NVL, 00000000:A8:00.0, 0 %, 0 %, 17 MiB, 95830 MiB, 89.10 W, 49, 5, 16
2026/01/26 06:34:20.184, NVIDIA H100 NVL, 00000000:38:00.0, 0 %, 0 %, 2592 MiB, 95830 MiB, 95.85 W, 57, 5, 16
2026/01/26 06:34:20.212, NVIDIA H100 NVL, 00000000:A8:00.0, 0 %, 0 %, 17 MiB, 95830 MiB, 89.01 W, 49, 5, 16
2026/01/26 06:34:21.241, NVIDIA H100 NVL, 00000000:38:00.0, 42 %, 0 %, 2616 MiB, 95830 MiB, 92.13 W, 57, 5, 16
2026/01/26 06:34:21.273, NVIDIA H100 NVL, 00000000:A8:00.0, 0 %, 0 %, 17 MiB, 95830 MiB, 89.03 W, 49, 5, 16
2026/01/26 06:34:22.302, NVIDIA H100 NVL, 00000000:38:00.0, 90 %, 0 %, 2374 MiB, 95830 MiB, 99.32 W, 57, 5, 16
2026/01/26 06:34:22.331, NVIDIA H100 NVL, 00000000:A8:00.0, 0 %, 0 %, 17 MiB, 95830 MiB, 89.07 W, 49, 5, 16
2026/01/26 06:34:23.359, NVIDIA H100 NVL, 00000000:38:00.0, 1 %, 0 %, 1558 MiB, 95830 MiB, 94.67 W, 57, 5, 16
2026/01/26 06:34:23.392, NVIDIA H100 NVL, 00000000:A8:00.0, 0 %, 0 %, 17 MiB, 95830 MiB, 89.06 W, 49, 5, 16
2026/01/26 06:34:24.422, NVIDIA H100 NVL, 00000000:38:00.0, 0 %, 0 %, 1286 MiB, 95830 MiB, 93.75 W, 57, 5, 16
2026/01/26 06:34:24.454, NVIDIA H100 NVL, 00000000:A8:00.0, 0 %, 0 %, 17 MiB, 95830 MiB, 89.10 W, 49, 5, 16
2026/01/26 06:34:25.484, NVIDIA H100 NVL, 00000000:38:00.0, 0 %, 0 %, 630 MiB, 95830 MiB, 94.55 W, 57, 5, 16
2026/01/26 06:34:25.578, NVIDIA H100 NVL, 00000000:A8:00.0, 0 %, 0 %, 17 MiB, 95830 MiB, 89.12 W, 49, 5, 16
2026/01/26 06:34:26.607, NVIDIA H100 NVL, 00000000:38:00.0, 1 %, 0 %, 1150 MiB, 95830 MiB, 94.41 W, 57, 5, 16
2026/01/26 06:34:26.658, NVIDIA H100 NVL, 00000000:A8:00.0, 0 %, 0 %, 17 MiB, 95830 MiB, 89.01 W, 49, 5, 16
2026/01/26 06:34:27.687, NVIDIA H100 NVL, 00000000:38:00.0, 2 %, 0 %, 1410 MiB, 95830 MiB, 94.26 W, 57, 5, 16
2026/01/26 06:34:27.937, NVIDIA H100 NVL, 00000000:A8:00.0, 0 %, 0 %, 17 MiB, 95830 MiB, 89.04 W, 49, 5, 16
2026/01/26 06:34:28.966, NVIDIA H100 NVL, 00000000:38:00.0, 0 %, 0 %, 1432 MiB, 95830 MiB, 94.49 W, 57, 5, 16
2026/01/26 06:34:28.995, NVIDIA H100 NVL, 00000000:A8:00.0, 0 %, 0 %, 17 MiB, 95830 MiB, 89.04 W, 49, 5, 16
2026/01/26 06:34:30.025, NVIDIA H100 NVL, 00000000:38:00.0, 1 %, 0 %, 1984 MiB, 95830 MiB, 91.99 W, 57, 5, 16
2026/01/26 06:34:30.054, NVIDIA H100 NVL, 00000000:A8:00.0, 0 %, 0 %, 17 MiB, 95830 MiB, 89.09 W, 49, 5, 16
2026/01/26 06:34:31.082, NVIDIA H100 NVL, 00000000:38:00.0, 0 %, 0 %, 3112 MiB, 95830 MiB, 92.01 W, 57, 5, 16
2026/01/26 06:34:31.111, NVIDIA H100 NVL, 00000000:A8:00.0, 0 %, 0 %, 17 MiB, 95830 MiB, 89.06 W, 49, 5, 16
2026/01/26 06:34:32.139, NVIDIA H100 NVL, 00000000:38:00.0, 0 %, 0 %, 3182 MiB, 95830 MiB, 91.98 W, 57, 5, 16
2026/01/26 06:34:32.167, NVIDIA H100 NVL, 00000000:A8:00.0, 0 %, 0 %, 17 MiB, 95830 MiB, 89.00 W, 49, 5, 16
2026/01/26 06:34:33.195, NVIDIA H100 NVL, 00000000:38:00.0, 42 %, 0 %, 3192 MiB, 95830 MiB, 92.11 W, 57, 5, 16
2026/01/26 06:34:33.226, NVIDIA H100 NVL, 00000000:A8:00.0, 0 %, 0 %, 17 MiB, 95830 MiB, 89.05 W, 49, 5, 16
2026/01/26 06:34:34.255, NVIDIA H100 NVL, 00000000:38:00.0, 100 %, 0 %, 3224 MiB, 95830 MiB, 92.11 W, 57, 5, 16
2026/01/26 06:34:34.284, NVIDIA H100 NVL, 00000000:A8:00.0, 0 %, 0 %, 17 MiB, 95830 MiB, 89.04 W, 49, 5, 16
2026/01/26 06:34:35.312, NVIDIA H100 NVL, 00000000:38:00.0, 89 %, 1 %, 3176 MiB, 95830 MiB, 105.80 W, 58, 5, 16
2026/01/26 06:34:35.341, NVIDIA H100 NVL, 00000000:A8:00.0, 0 %, 0 %, 17 MiB, 95830 MiB, 89.03 W, 49, 5, 16
2026/01/26 06:34:36.369, NVIDIA H100 NVL, 00000000:38:00.0, 0 %, 0 %, 3228 MiB, 95830 MiB, 92.44 W, 57, 5, 16
2026/01/26 06:34:36.399, NVIDIA H100 NVL, 00000000:A8:00.0, 0 %, 0 %, 17 MiB, 95830 MiB, 89.00 W, 49, 5, 16
2026/01/26 06:34:37.427, NVIDIA H100 NVL, 00000000:38:00.0, 0 %, 0 %, 3198 MiB, 95830 MiB, 92.13 W, 57, 5, 16
2026/01/26 06:34:37.461, NVIDIA H100 NVL, 00000000:A8:00.0, 0 %, 0 %, 17 MiB, 95830 MiB, 89.03 W, 49, 5, 16
2026/01/26 06:34:38.489, NVIDIA H100 NVL, 00000000:38:00.0, 0 %, 0 %, 3224 MiB, 95830 MiB, 92.15 W, 57, 5, 16
2026/01/26 06:34:38.517, NVIDIA H100 NVL, 00000000:A8:00.0, 0 %, 0 %, 17 MiB, 95830 MiB, 89.14 W, 49, 5, 16
2026/01/26 06:34:39.544, NVIDIA H100 NVL, 00000000:38:00.0, 90 %, 1 %, 3236 MiB, 95830 MiB, 99.86 W, 58, 5, 16
2026/01/26 06:34:39.573, NVIDIA H100 NVL, 00000000:A8:00.0, 0 %, 0 %, 17 MiB, 95830 MiB, 89.06 W, 49, 5, 16
2026/01/26 06:34:40.601, NVIDIA H100 NVL, 00000000:38:00.0, 0 %, 0 %, 3208 MiB, 95830 MiB, 97.31 W, 57, 5, 16
2026/01/26 06:34:40.629, NVIDIA H100 NVL, 00000000:A8:00.0, 0 %, 0 %, 17 MiB, 95830 MiB, 89.02 W, 49, 5, 16
2026/01/26 06:34:41.657, NVIDIA H100 NVL, 00000000:38:00.0, 92 %, 0 %, 3180 MiB, 95830 MiB, 92.08 W, 57, 5, 16
2026/01/26 06:34:41.685, NVIDIA H100 NVL, 00000000:A8:00.0, 0 %, 0 %, 17 MiB, 95830 MiB, 89.08 W, 49, 5, 16
2026/01/26 06:34:42.713, NVIDIA H100 NVL, 00000000:38:00.0, 65 %, 0 %, 3214 MiB, 95830 MiB, 92.18 W, 57, 5, 16
2026/01/26 06:34:42.743, NVIDIA H100 NVL, 00000000:A8:00.0, 0 %, 0 %, 17 MiB, 95830 MiB, 89.06 W, 49, 5, 16
2026/01/26 06:34:43.771, NVIDIA H100 NVL, 00000000:38:00.0, 89 %, 1 %, 3236 MiB, 95830 MiB, 93.96 W, 58, 5, 16
2026/01/26 06:34:43.799, NVIDIA H100 NVL, 00000000:A8:00.0, 0 %, 0 %, 17 MiB, 95830 MiB, 89.14 W, 49, 5, 16
2026/01/26 06:34:44.827, NVIDIA H100 NVL, 00000000:38:00.0, 0 %, 0 %, 2330 MiB, 95830 MiB, 104.43 W, 57, 5, 16
2026/01/26 06:34:44.859, NVIDIA H100 NVL, 00000000:A8:00.0, 0 %, 0 %, 17 MiB, 95830 MiB, 89.11 W, 49, 5, 16
2026/01/26 06:34:45.889, NVIDIA H100 NVL, 00000000:38:00.0, 0 %, 0 %, 1568 MiB, 95830 MiB, 94.26 W, 57, 5, 16
2026/01/26 06:34:45.919, NVIDIA H100 NVL, 00000000:A8:00.0, 0 %, 0 %, 17 MiB, 95830 MiB, 89.08 W, 49, 5, 16
2026/01/26 06:34:47.140, NVIDIA H100 NVL, 00000000:38:00.0, 0 %, 0 %, 616 MiB, 95830 MiB, 94.71 W, 57, 5, 16
2026/01/26 06:34:47.169, NVIDIA H100 NVL, 00000000:A8:00.0, 0 %, 0 %, 17 MiB, 95830 MiB, 89.03 W, 49, 5, 16
2026/01/26 06:34:48.197, NVIDIA H100 NVL, 00000000:38:00.0, 0 %, 0 %, 634 MiB, 95830 MiB, 94.68 W, 57, 5, 16
2026/01/26 06:34:48.232, NVIDIA H100 NVL, 00000000:A8:00.0, 0 %, 0 %, 17 MiB, 95830 MiB, 88.99 W, 49, 5, 16
2026/01/26 06:34:49.267, NVIDIA H100 NVL, 00000000:38:00.0, 0 %, 0 %, 1152 MiB, 95830 MiB, 94.58 W, 57, 5, 16
2026/01/26 06:34:49.297, NVIDIA H100 NVL, 00000000:A8:00.0, 0 %, 0 %, 17 MiB, 95830 MiB, 88.99 W, 49, 5, 16
2026/01/26 06:34:50.326, NVIDIA H100 NVL, 00000000:38:00.0, 0 %, 0 %, 1412 MiB, 95830 MiB, 94.47 W, 57, 5, 16
2026/01/26 06:34:50.366, NVIDIA H100 NVL, 00000000:A8:00.0, 0 %, 0 %, 17 MiB, 95830 MiB, 89.00 W, 49, 5, 16
2026/01/26 06:34:51.403, NVIDIA H100 NVL, 00000000:38:00.0, 6 %, 0 %, 1882 MiB, 95830 MiB, 94.43 W, 57, 5, 16
2026/01/26 06:34:51.433, NVIDIA H100 NVL, 00000000:A8:00.0, 0 %, 0 %, 17 MiB, 95830 MiB, 89.01 W, 49, 5, 16
2026/01/26 06:34:52.463, NVIDIA H100 NVL, 00000000:38:00.0, 4 %, 0 %, 2008 MiB, 95830 MiB, 91.97 W, 57, 5, 16
2026/01/26 06:34:52.494, NVIDIA H100 NVL, 00000000:A8:00.0, 0 %, 0 %, 17 MiB, 95830 MiB, 89.03 W, 49, 5, 16
2026/01/26 06:34:53.522, NVIDIA H100 NVL, 00000000:38:00.0, 0 %, 0 %, 3656 MiB, 95830 MiB, 92.10 W, 57, 5, 16
2026/01/26 06:34:53.550, NVIDIA H100 NVL, 00000000:A8:00.0, 0 %, 0 %, 17 MiB, 95830 MiB, 89.06 W, 49, 5, 16
2026/01/26 06:34:54.578, NVIDIA H100 NVL, 00000000:38:00.0, 0 %, 0 %, 3728 MiB, 95830 MiB, 92.05 W, 57, 5, 16
2026/01/26 06:34:54.607, NVIDIA H100 NVL, 00000000:A8:00.0, 0 %, 0 %, 17 MiB, 95830 MiB, 89.01 W, 49, 5, 16
2026/01/26 06:34:55.638, NVIDIA H100 NVL, 00000000:38:00.0, 39 %, 0 %, 3772 MiB, 95830 MiB, 92.12 W, 57, 5, 16
2026/01/26 06:34:55.666, NVIDIA H100 NVL, 00000000:A8:00.0, 0 %, 0 %, 17 MiB, 95830 MiB, 89.09 W, 49, 5, 16
2026/01/26 06:34:56.695, NVIDIA H100 NVL, 00000000:38:00.0, 50 %, 0 %, 3788 MiB, 95830 MiB, 92.20 W, 57, 5, 16
2026/01/26 06:34:56.725, NVIDIA H100 NVL, 00000000:A8:00.0, 0 %, 0 %, 17 MiB, 95830 MiB, 89.02 W, 49, 5, 16
2026/01/26 06:34:57.756, NVIDIA H100 NVL, 00000000:38:00.0, 76 %, 0 %, 3826 MiB, 95830 MiB, 92.21 W, 57, 5, 16
2026/01/26 06:34:57.785, NVIDIA H100 NVL, 00000000:A8:00.0, 0 %, 0 %, 17 MiB, 95830 MiB, 89.02 W, 49, 5, 16
2026/01/26 06:34:58.813, NVIDIA H100 NVL, 00000000:38:00.0, 4 %, 0 %, 3848 MiB, 95830 MiB, 95.39 W, 58, 5, 16
2026/01/26 06:34:58.841, NVIDIA H100 NVL, 00000000:A8:00.0, 0 %, 0 %, 17 MiB, 95830 MiB, 89.02 W, 49, 5, 16
2026/01/26 06:34:59.869, NVIDIA H100 NVL, 00000000:38:00.0, 0 %, 0 %, 3748 MiB, 95830 MiB, 111.51 W, 58, 5, 16
2026/01/26 06:34:59.897, NVIDIA H100 NVL, 00000000:A8:00.0, 0 %, 0 %, 17 MiB, 95830 MiB, 89.06 W, 49, 5, 16
2026/01/26 06:35:00.925, NVIDIA H100 NVL, 00000000:38:00.0, 0 %, 0 %, 3820 MiB, 95830 MiB, 92.24 W, 57, 5, 16
2026/01/26 06:35:00.953, NVIDIA H100 NVL, 00000000:A8:00.0, 0 %, 0 %, 17 MiB, 95830 MiB, 89.09 W, 49, 5, 16
2026/01/26 06:35:01.981, NVIDIA H100 NVL, 00000000:38:00.0, 64 %, 0 %, 3760 MiB, 95830 MiB, 92.28 W, 57, 5, 16
2026/01/26 06:35:02.010, NVIDIA H100 NVL, 00000000:A8:00.0, 0 %, 0 %, 17 MiB, 95830 MiB, 89.01 W, 49, 5, 16
2026/01/26 06:35:03.038, NVIDIA H100 NVL, 00000000:38:00.0, 75 %, 0 %, 3794 MiB, 95830 MiB, 92.21 W, 57, 5, 16
2026/01/26 06:35:03.067, NVIDIA H100 NVL, 00000000:A8:00.0, 0 %, 0 %, 17 MiB, 95830 MiB, 89.11 W, 49, 5, 16
2026/01/26 06:35:04.095, NVIDIA H100 NVL, 00000000:38:00.0, 1 %, 0 %, 3826 MiB, 95830 MiB, 92.31 W, 57, 5, 16
2026/01/26 06:35:04.123, NVIDIA H100 NVL, 00000000:A8:00.0, 0 %, 0 %, 17 MiB, 95830 MiB, 89.08 W, 49, 5, 16
2026/01/26 06:35:05.155, NVIDIA H100 NVL, 00000000:38:00.0, 20 %, 0 %, 3848 MiB, 95830 MiB, 92.26 W, 57, 5, 16
2026/01/26 06:35:05.189, NVIDIA H100 NVL, 00000000:A8:00.0, 0 %, 0 %, 17 MiB, 95830 MiB, 89.01 W, 49, 5, 16
2026/01/26 06:35:06.217, NVIDIA H100 NVL, 00000000:38:00.0, 72 %, 1 %, 3740 MiB, 95830 MiB, 114.15 W, 58, 5, 16
2026/01/26 06:35:06.246, NVIDIA H100 NVL, 00000000:A8:00.0, 0 %, 0 %, 17 MiB, 95830 MiB, 89.01 W, 49, 5, 16
2026/01/26 06:35:07.274, NVIDIA H100 NVL, 00000000:38:00.0, 0 %, 0 %, 3808 MiB, 95830 MiB, 92.27 W, 58, 5, 16
2026/01/26 06:35:07.303, NVIDIA H100 NVL, 00000000:A8:00.0, 0 %, 0 %, 17 MiB, 95830 MiB, 89.07 W, 49, 5, 16
2026/01/26 06:35:08.332, NVIDIA H100 NVL, 00000000:38:00.0, 50 %, 0 %, 3762 MiB, 95830 MiB, 92.28 W, 57, 5, 16
2026/01/26 06:35:08.362, NVIDIA H100 NVL, 00000000:A8:00.0, 0 %, 0 %, 17 MiB, 95830 MiB, 89.04 W, 49, 5, 16
2026/01/26 06:35:09.390, NVIDIA H100 NVL, 00000000:38:00.0, 0 %, 0 %, 3794 MiB, 95830 MiB, 92.36 W, 57, 5, 16
2026/01/26 06:35:09.419, NVIDIA H100 NVL, 00000000:A8:00.0, 0 %, 0 %, 17 MiB, 95830 MiB, 88.99 W, 49, 5, 16
2026/01/26 06:35:10.449, NVIDIA H100 NVL, 00000000:38:00.0, 48 %, 0 %, 3816 MiB, 95830 MiB, 92.35 W, 57, 5, 16
2026/01/26 06:35:10.481, NVIDIA H100 NVL, 00000000:A8:00.0, 0 %, 0 %, 17 MiB, 95830 MiB, 89.07 W, 49, 5, 16
2026/01/26 06:35:11.509, NVIDIA H100 NVL, 00000000:38:00.0, 74 %, 0 %, 3836 MiB, 95830 MiB, 92.32 W, 57, 5, 16
2026/01/26 06:35:11.540, NVIDIA H100 NVL, 00000000:A8:00.0, 0 %, 0 %, 17 MiB, 95830 MiB, 89.01 W, 49, 5, 16
2026/01/26 06:35:12.568, NVIDIA H100 NVL, 00000000:38:00.0, 88 %, 1 %, 3764 MiB, 95830 MiB, 112.72 W, 58, 5, 16
2026/01/26 06:35:12.597, NVIDIA H100 NVL, 00000000:A8:00.0, 0 %, 0 %, 17 MiB, 95830 MiB, 89.09 W, 49, 5, 16
2026/01/26 06:35:13.626, NVIDIA H100 NVL, 00000000:38:00.0, 0 %, 0 %, 1986 MiB, 95830 MiB, 94.37 W, 58, 5, 16
2026/01/26 06:35:13.655, NVIDIA H100 NVL, 00000000:A8:00.0, 0 %, 0 %, 17 MiB, 95830 MiB, 89.12 W, 49, 5, 16
2026/01/26 06:35:14.684, NVIDIA H100 NVL, 00000000:38:00.0, 1 %, 0 %, 1288 MiB, 95830 MiB, 93.57 W, 58, 5, 16
2026/01/26 06:35:14.713, NVIDIA H100 NVL, 00000000:A8:00.0, 0 %, 0 %, 17 MiB, 95830 MiB, 89.03 W, 49, 5, 16
2026/01/26 06:35:15.741, NVIDIA H100 NVL, 00000000:38:00.0, 0 %, 0 %, 630 MiB, 95830 MiB, 94.64 W, 58, 5, 16
2026/01/26 06:35:16.033, NVIDIA H100 NVL, 00000000:A8:00.0, 0 %, 0 %, 17 MiB, 95830 MiB, 89.13 W, 49, 5, 16
2026/01/26 06:35:17.063, NVIDIA H100 NVL, 00000000:38:00.0, 0 %, 0 %, 1150 MiB, 95830 MiB, 94.66 W, 58, 5, 16
2026/01/26 06:35:17.120, NVIDIA H100 NVL, 00000000:A8:00.0, 0 %, 0 %, 17 MiB, 95830 MiB, 89.04 W, 49, 5, 16
2026/01/26 06:35:18.148, NVIDIA H100 NVL, 00000000:38:00.0, 1 %, 0 %, 1410 MiB, 95830 MiB, 94.64 W, 58, 5, 16
2026/01/26 06:35:18.419, NVIDIA H100 NVL, 00000000:A8:00.0, 0 %, 0 %, 17 MiB, 95830 MiB, 89.08 W, 49, 5, 16
2026/01/26 06:35:19.449, NVIDIA H100 NVL, 00000000:38:00.0, 0 %, 0 %, 1432 MiB, 95830 MiB, 94.90 W, 58, 5, 16
2026/01/26 06:35:19.477, NVIDIA H100 NVL, 00000000:A8:00.0, 0 %, 0 %, 17 MiB, 95830 MiB, 89.10 W, 49, 5, 16
2026/01/26 06:35:20.506, NVIDIA H100 NVL, 00000000:38:00.0, 0 %, 0 %, 1990 MiB, 95830 MiB, 92.30 W, 58, 5, 16
2026/01/26 06:35:20.537, NVIDIA H100 NVL, 00000000:A8:00.0, 0 %, 0 %, 17 MiB, 95830 MiB, 89.04 W, 49, 5, 16
2026/01/26 06:35:21.566, NVIDIA H100 NVL, 00000000:38:00.0, 0 %, 0 %, 4076 MiB, 95830 MiB, 92.18 W, 58, 5, 16
2026/01/26 06:35:21.596, NVIDIA H100 NVL, 00000000:A8:00.0, 0 %, 0 %, 17 MiB, 95830 MiB, 89.07 W, 49, 5, 16
2026/01/26 06:35:22.625, NVIDIA H100 NVL, 00000000:38:00.0, 0 %, 0 %, 4238 MiB, 95830 MiB, 92.32 W, 58, 5, 16
2026/01/26 06:35:22.654, NVIDIA H100 NVL, 00000000:A8:00.0, 0 %, 0 %, 17 MiB, 95830 MiB, 89.11 W, 49, 5, 16
2026/01/26 06:35:23.682, NVIDIA H100 NVL, 00000000:38:00.0, 0 %, 0 %, 4306 MiB, 95830 MiB, 92.24 W, 58, 5, 16
2026/01/26 06:35:23.713, NVIDIA H100 NVL, 00000000:A8:00.0, 0 %, 0 %, 17 MiB, 95830 MiB, 89.12 W, 49, 5, 16
2026/01/26 06:35:24.741, NVIDIA H100 NVL, 00000000:38:00.0, 1 %, 0 %, 4340 MiB, 95830 MiB, 92.36 W, 58, 5, 16
2026/01/26 06:35:24.772, NVIDIA H100 NVL, 00000000:A8:00.0, 0 %, 0 %, 17 MiB, 95830 MiB, 89.12 W, 49, 5, 16
2026/01/26 06:35:25.800, NVIDIA H100 NVL, 00000000:38:00.0, 39 %, 0 %, 4362 MiB, 95830 MiB, 92.35 W, 58, 5, 16
2026/01/26 06:35:25.830, NVIDIA H100 NVL, 00000000:A8:00.0, 0 %, 0 %, 17 MiB, 95830 MiB, 89.07 W, 49, 5, 16
2026/01/26 06:35:26.858, NVIDIA H100 NVL, 00000000:38:00.0, 67 %, 0 %, 4386 MiB, 95830 MiB, 92.35 W, 58, 5, 16
2026/01/26 06:35:26.888, NVIDIA H100 NVL, 00000000:A8:00.0, 0 %, 0 %, 17 MiB, 95830 MiB, 89.06 W, 49, 5, 16
2026/01/26 06:35:27.918, NVIDIA H100 NVL, 00000000:38:00.0, 1 %, 0 %, 4420 MiB, 95830 MiB, 92.31 W, 58, 5, 16
2026/01/26 06:35:27.947, NVIDIA H100 NVL, 00000000:A8:00.0, 0 %, 0 %, 17 MiB, 95830 MiB, 89.07 W, 49, 5, 16
2026/01/26 06:35:28.975, NVIDIA H100 NVL, 00000000:38:00.0, 1 %, 0 %, 4452 MiB, 95830 MiB, 92.35 W, 58, 5, 16
2026/01/26 06:35:29.005, NVIDIA H100 NVL, 00000000:A8:00.0, 0 %, 0 %, 17 MiB, 95830 MiB, 89.08 W, 49, 5, 16
2026/01/26 06:35:30.036, NVIDIA H100 NVL, 00000000:38:00.0, 90 %, 2 %, 4458 MiB, 95830 MiB, 105.36 W, 58, 5, 16
2026/01/26 06:35:30.066, NVIDIA H100 NVL, 00000000:A8:00.0, 0 %, 0 %, 17 MiB, 95830 MiB, 89.00 W, 49, 5, 16
2026/01/26 06:35:31.094, NVIDIA H100 NVL, 00000000:38:00.0, 0 %, 0 %, 4338 MiB, 95830 MiB, 106.14 W, 58, 5, 16
2026/01/26 06:35:31.123, NVIDIA H100 NVL, 00000000:A8:00.0, 0 %, 0 %, 17 MiB, 95830 MiB, 89.07 W, 49, 5, 16
2026/01/26 06:35:32.152, NVIDIA H100 NVL, 00000000:38:00.0, 0 %, 0 %, 4410 MiB, 95830 MiB, 92.44 W, 58, 5, 16
2026/01/26 06:35:32.180, NVIDIA H100 NVL, 00000000:A8:00.0, 0 %, 0 %, 17 MiB, 95830 MiB, 89.07 W, 49, 5, 16
2026/01/26 06:35:33.209, NVIDIA H100 NVL, 00000000:38:00.0, 0 %, 0 %, 4340 MiB, 95830 MiB, 92.41 W, 58, 5, 16
2026/01/26 06:35:33.237, NVIDIA H100 NVL, 00000000:A8:00.0, 0 %, 0 %, 17 MiB, 95830 MiB, 89.07 W, 49, 5, 16
2026/01/26 06:35:34.265, NVIDIA H100 NVL, 00000000:38:00.0, 47 %, 0 %, 4366 MiB, 95830 MiB, 92.36 W, 58, 5, 16
2026/01/26 06:35:34.300, NVIDIA H100 NVL, 00000000:A8:00.0, 0 %, 0 %, 17 MiB, 95830 MiB, 89.07 W, 49, 5, 16
2026/01/26 06:35:35.329, NVIDIA H100 NVL, 00000000:38:00.0, 83 %, 0 %, 4382 MiB, 95830 MiB, 92.42 W, 58, 5, 16
2026/01/26 06:35:35.359, NVIDIA H100 NVL, 00000000:A8:00.0, 0 %, 0 %, 17 MiB, 95830 MiB, 89.10 W, 49, 5, 16
2026/01/26 06:35:36.388, NVIDIA H100 NVL, 00000000:38:00.0, 99 %, 0 %, 4420 MiB, 95830 MiB, 92.36 W, 58, 5, 16
2026/01/26 06:35:36.417, NVIDIA H100 NVL, 00000000:A8:00.0, 0 %, 0 %, 17 MiB, 95830 MiB, 89.12 W, 49, 5, 16
2026/01/26 06:35:37.446, NVIDIA H100 NVL, 00000000:38:00.0, 1 %, 0 %, 4452 MiB, 95830 MiB, 92.38 W, 58, 5, 16
2026/01/26 06:35:37.474, NVIDIA H100 NVL, 00000000:A8:00.0, 0 %, 0 %, 17 MiB, 95830 MiB, 89.04 W, 49, 5, 16
2026/01/26 06:35:38.502, NVIDIA H100 NVL, 00000000:38:00.0, 86 %, 2 %, 4458 MiB, 95830 MiB, 109.55 W, 58, 5, 16
2026/01/26 06:35:38.531, NVIDIA H100 NVL, 00000000:A8:00.0, 0 %, 0 %, 17 MiB, 95830 MiB, 89.05 W, 49, 5, 16
2026/01/26 06:35:39.560, NVIDIA H100 NVL, 00000000:38:00.0, 0 %, 0 %, 4346 MiB, 95830 MiB, 102.82 W, 58, 5, 16
2026/01/26 06:35:39.588, NVIDIA H100 NVL, 00000000:A8:00.0, 0 %, 0 %, 17 MiB, 95830 MiB, 89.09 W, 49, 5, 16
2026/01/26 06:35:40.617, NVIDIA H100 NVL, 00000000:38:00.0, 0 %, 0 %, 4414 MiB, 95830 MiB, 92.46 W, 58, 5, 16
2026/01/26 06:35:40.646, NVIDIA H100 NVL, 00000000:A8:00.0, 0 %, 0 %, 17 MiB, 95830 MiB, 89.14 W, 49, 5, 16
2026/01/26 06:35:41.674, NVIDIA H100 NVL, 00000000:38:00.0, 0 %, 0 %, 4340 MiB, 95830 MiB, 92.46 W, 58, 5, 16
2026/01/26 06:35:41.703, NVIDIA H100 NVL, 00000000:A8:00.0, 0 %, 0 %, 17 MiB, 95830 MiB, 89.07 W, 49, 5, 16
2026/01/26 06:35:42.731, NVIDIA H100 NVL, 00000000:38:00.0, 39 %, 0 %, 4372 MiB, 95830 MiB, 92.44 W, 58, 5, 16
2026/01/26 06:35:42.760, NVIDIA H100 NVL, 00000000:A8:00.0, 0 %, 0 %, 17 MiB, 95830 MiB, 89.13 W, 49, 5, 16
2026/01/26 06:35:43.788, NVIDIA H100 NVL, 00000000:38:00.0, 44 %, 0 %, 4382 MiB, 95830 MiB, 92.45 W, 58, 5, 16
2026/01/26 06:35:43.820, NVIDIA H100 NVL, 00000000:A8:00.0, 0 %, 0 %, 17 MiB, 95830 MiB, 89.11 W, 49, 5, 16
2026/01/26 06:35:44.848, NVIDIA H100 NVL, 00000000:38:00.0, 71 %, 0 %, 4418 MiB, 95830 MiB, 92.44 W, 58, 5, 16
2026/01/26 06:35:44.877, NVIDIA H100 NVL, 00000000:A8:00.0, 0 %, 0 %, 17 MiB, 95830 MiB, 89.04 W, 49, 5, 16
2026/01/26 06:35:45.905, NVIDIA H100 NVL, 00000000:38:00.0, 1 %, 0 %, 4452 MiB, 95830 MiB, 92.41 W, 58, 5, 16
2026/01/26 06:35:45.934, NVIDIA H100 NVL, 00000000:A8:00.0, 0 %, 0 %, 17 MiB, 95830 MiB, 89.12 W, 49, 5, 16
2026/01/26 06:35:46.961, NVIDIA H100 NVL, 00000000:38:00.0, 89 %, 2 %, 4458 MiB, 95830 MiB, 113.10 W, 58, 5, 16
2026/01/26 06:35:46.990, NVIDIA H100 NVL, 00000000:A8:00.0, 0 %, 0 %, 17 MiB, 95830 MiB, 89.03 W, 49, 5, 16
2026/01/26 06:35:48.018, NVIDIA H100 NVL, 00000000:38:00.0, 0 %, 0 %, 2750 MiB, 95830 MiB, 100.66 W, 58, 5, 16
2026/01/26 06:35:48.124, NVIDIA H100 NVL, 00000000:A8:00.0, 0 %, 0 %, 17 MiB, 95830 MiB, 88.99 W, 49, 5, 16
2026/01/26 06:35:49.153, NVIDIA H100 NVL, 00000000:38:00.0, 1 %, 0 %, 1288 MiB, 95830 MiB, 94.33 W, 58, 5, 16
2026/01/26 06:35:49.181, NVIDIA H100 NVL, 00000000:A8:00.0, 0 %, 0 %, 17 MiB, 95830 MiB, 89.07 W, 49, 5, 16
2026/01/26 06:35:50.209, NVIDIA H100 NVL, 00000000:38:00.0, 0 %, 0 %, 616 MiB, 95830 MiB, 93.96 W, 58, 5, 16
2026/01/26 06:35:50.257, NVIDIA H100 NVL, 00000000:A8:00.0, 0 %, 0 %, 17 MiB, 95830 MiB, 89.09 W, 49, 5, 16
2026/01/26 06:35:51.300, NVIDIA H100 NVL, 00000000:38:00.0, 0 %, 0 %, 646 MiB, 95830 MiB, 94.87 W, 58, 5, 16
2026/01/26 06:35:51.329, NVIDIA H100 NVL, 00000000:A8:00.0, 0 %, 0 %, 17 MiB, 95830 MiB, 88.99 W, 49, 5, 16
2026/01/26 06:35:52.357, NVIDIA H100 NVL, 00000000:38:00.0, 0 %, 0 %, 1156 MiB, 95830 MiB, 94.86 W, 58, 5, 16
2026/01/26 06:35:52.387, NVIDIA H100 NVL, 00000000:A8:00.0, 0 %, 0 %, 17 MiB, 95830 MiB, 89.01 W, 49, 5, 16
2026/01/26 06:35:53.420, NVIDIA H100 NVL, 00000000:38:00.0, 0 %, 0 %, 1416 MiB, 95830 MiB, 94.63 W, 58, 5, 16
2026/01/26 06:35:53.459, NVIDIA H100 NVL, 00000000:A8:00.0, 0 %, 0 %, 17 MiB, 95830 MiB, 89.09 W, 49, 5, 16
2026/01/26 06:35:54.497, NVIDIA H100 NVL, 00000000:38:00.0, 1 %, 0 %, 1904 MiB, 95830 MiB, 93.73 W, 58, 5, 16
2026/01/26 06:35:54.526, NVIDIA H100 NVL, 00000000:A8:00.0, 0 %, 0 %, 17 MiB, 95830 MiB, 89.01 W, 49, 5, 16
2026/01/26 06:35:55.554, NVIDIA H100 NVL, 00000000:38:00.0, 1 %, 0 %, 3686 MiB, 95830 MiB, 92.22 W, 58, 5, 16
2026/01/26 06:35:55.583, NVIDIA H100 NVL, 00000000:A8:00.0, 0 %, 0 %, 17 MiB, 95830 MiB, 89.02 W, 49, 5, 16
2026/01/26 06:35:56.611, NVIDIA H100 NVL, 00000000:38:00.0, 0 %, 0 %, 4726 MiB, 95830 MiB, 92.27 W, 58, 5, 16
2026/01/26 06:35:56.640, NVIDIA H100 NVL, 00000000:A8:00.0, 0 %, 0 %, 17 MiB, 95830 MiB, 89.00 W, 49, 5, 16
2026/01/26 06:35:57.668, NVIDIA H100 NVL, 00000000:38:00.0, 0 %, 0 %, 4794 MiB, 95830 MiB, 92.46 W, 58, 5, 16
2026/01/26 06:35:57.696, NVIDIA H100 NVL, 00000000:A8:00.0, 0 %, 0 %, 17 MiB, 95830 MiB, 88.96 W, 49, 5, 16
2026/01/26 06:35:58.725, NVIDIA H100 NVL, 00000000:38:00.0, 0 %, 0 %, 4866 MiB, 95830 MiB, 92.32 W, 58, 5, 16
2026/01/26 06:35:58.753, NVIDIA H100 NVL, 00000000:A8:00.0, 0 %, 0 %, 17 MiB, 95830 MiB, 89.00 W, 49, 5, 16
2026/01/26 06:35:59.781, NVIDIA H100 NVL, 00000000:38:00.0, 100 %, 0 %, 4920 MiB, 95830 MiB, 92.28 W, 58, 5, 16
2026/01/26 06:35:59.811, NVIDIA H100 NVL, 00000000:A8:00.0, 0 %, 0 %, 17 MiB, 95830 MiB, 89.14 W, 49, 5, 16
2026/01/26 06:36:00.844, NVIDIA H100 NVL, 00000000:38:00.0, 26 %, 0 %, 4952 MiB, 95830 MiB, 92.33 W, 58, 5, 16
2026/01/26 06:36:00.874, NVIDIA H100 NVL, 00000000:A8:00.0, 0 %, 0 %, 17 MiB, 95830 MiB, 88.99 W, 49, 5, 16
2026/01/26 06:36:01.902, NVIDIA H100 NVL, 00000000:38:00.0, 36 %, 0 %, 4978 MiB, 95830 MiB, 92.30 W, 58, 5, 16
2026/01/26 06:36:01.931, NVIDIA H100 NVL, 00000000:A8:00.0, 0 %, 0 %, 17 MiB, 95830 MiB, 89.01 W, 49, 5, 16
2026/01/26 06:36:02.960, NVIDIA H100 NVL, 00000000:38:00.0, 51 %, 0 %, 4994 MiB, 95830 MiB, 92.32 W, 57, 5, 16
2026/01/26 06:36:02.990, NVIDIA H100 NVL, 00000000:A8:00.0, 0 %, 0 %, 17 MiB, 95830 MiB, 89.06 W, 49, 5, 16
2026/01/26 06:36:04.018, NVIDIA H100 NVL, 00000000:38:00.0, 51 %, 0 %, 5032 MiB, 95830 MiB, 92.25 W, 57, 5, 16
2026/01/26 06:36:04.047, NVIDIA H100 NVL, 00000000:A8:00.0, 0 %, 0 %, 17 MiB, 95830 MiB, 88.98 W, 49, 5, 16
2026/01/26 06:36:05.076, NVIDIA H100 NVL, 00000000:38:00.0, 0 %, 0 %, 5064 MiB, 95830 MiB, 92.24 W, 57, 5, 16
2026/01/26 06:36:05.106, NVIDIA H100 NVL, 00000000:A8:00.0, 0 %, 0 %, 17 MiB, 95830 MiB, 89.01 W, 49, 5, 16
2026/01/26 06:36:06.135, NVIDIA H100 NVL, 00000000:38:00.0, 89 %, 2 %, 5070 MiB, 95830 MiB, 111.12 W, 58, 5, 16
2026/01/26 06:36:06.164, NVIDIA H100 NVL, 00000000:A8:00.0, 0 %, 0 %, 17 MiB, 95830 MiB, 89.05 W, 49, 5, 16
2026/01/26 06:36:07.192, NVIDIA H100 NVL, 00000000:38:00.0, 0 %, 0 %, 4910 MiB, 95830 MiB, 108.55 W, 58, 5, 16
2026/01/26 06:36:07.221, NVIDIA H100 NVL, 00000000:A8:00.0, 0 %, 0 %, 17 MiB, 95830 MiB, 89.00 W, 49, 5, 16
2026/01/26 06:36:08.249, NVIDIA H100 NVL, 00000000:38:00.0, 0 %, 0 %, 4982 MiB, 95830 MiB, 92.34 W, 58, 5, 16
2026/01/26 06:36:08.278, NVIDIA H100 NVL, 00000000:A8:00.0, 0 %, 0 %, 17 MiB, 95830 MiB, 89.01 W, 49, 5, 16
2026/01/26 06:36:09.306, NVIDIA H100 NVL, 00000000:38:00.0, 0 %, 0 %, 5050 MiB, 95830 MiB, 92.14 W, 58, 5, 16
2026/01/26 06:36:09.336, NVIDIA H100 NVL, 00000000:A8:00.0, 0 %, 0 %, 17 MiB, 95830 MiB, 89.11 W, 49, 5, 16
2026/01/26 06:36:10.364, NVIDIA H100 NVL, 00000000:38:00.0, 51 %, 0 %, 4914 MiB, 95830 MiB, 92.27 W, 57, 5, 16
2026/01/26 06:36:10.393, NVIDIA H100 NVL, 00000000:A8:00.0, 0 %, 0 %, 17 MiB, 95830 MiB, 89.10 W, 49, 5, 16
2026/01/26 06:36:11.421, NVIDIA H100 NVL, 00000000:38:00.0, 72 %, 0 %, 4950 MiB, 95830 MiB, 92.32 W, 57, 5, 16
2026/01/26 06:36:11.451, NVIDIA H100 NVL, 00000000:A8:00.0, 0 %, 0 %, 17 MiB, 95830 MiB, 89.12 W, 49, 5, 16
2026/01/26 06:36:12.479, NVIDIA H100 NVL, 00000000:38:00.0, 63 %, 0 %, 4984 MiB, 95830 MiB, 92.18 W, 57, 5, 16
2026/01/26 06:36:12.509, NVIDIA H100 NVL, 00000000:A8:00.0, 0 %, 0 %, 17 MiB, 95830 MiB, 89.06 W, 49, 5, 16
2026/01/26 06:36:13.537, NVIDIA H100 NVL, 00000000:38:00.0, 1 %, 0 %, 5016 MiB, 95830 MiB, 92.20 W, 57, 5, 16
2026/01/26 06:36:13.566, NVIDIA H100 NVL, 00000000:A8:00.0, 0 %, 0 %, 17 MiB, 95830 MiB, 89.10 W, 49, 5, 16
2026/01/26 06:36:14.594, NVIDIA H100 NVL, 00000000:38:00.0, 13 %, 0 %, 5026 MiB, 95830 MiB, 92.20 W, 57, 5, 16
2026/01/26 06:36:14.623, NVIDIA H100 NVL, 00000000:A8:00.0, 0 %, 0 %, 17 MiB, 95830 MiB, 89.04 W, 49, 5, 16
2026/01/26 06:36:15.654, NVIDIA H100 NVL, 00000000:38:00.0, 64 %, 0 %, 5062 MiB, 95830 MiB, 92.23 W, 57, 5, 16
2026/01/26 06:36:15.684, NVIDIA H100 NVL, 00000000:A8:00.0, 0 %, 0 %, 17 MiB, 95830 MiB, 89.04 W, 49, 5, 16
2026/01/26 06:36:16.712, NVIDIA H100 NVL, 00000000:38:00.0, 90 %, 2 %, 5070 MiB, 95830 MiB, 122.96 W, 58, 5, 16
2026/01/26 06:36:16.742, NVIDIA H100 NVL, 00000000:A8:00.0, 0 %, 0 %, 17 MiB, 95830 MiB, 89.05 W, 49, 5, 16
2026/01/26 06:36:17.770, NVIDIA H100 NVL, 00000000:38:00.0, 0 %, 0 %, 4930 MiB, 95830 MiB, 101.33 W, 58, 5, 16
2026/01/26 06:36:17.799, NVIDIA H100 NVL, 00000000:A8:00.0, 0 %, 0 %, 17 MiB, 95830 MiB, 89.04 W, 49, 5, 16
2026/01/26 06:36:18.827, NVIDIA H100 NVL, 00000000:38:00.0, 0 %, 0 %, 4998 MiB, 95830 MiB, 92.16 W, 57, 5, 16
2026/01/26 06:36:18.856, NVIDIA H100 NVL, 00000000:A8:00.0, 0 %, 0 %, 17 MiB, 95830 MiB, 88.99 W, 49, 5, 16
2026/01/26 06:36:19.884, NVIDIA H100 NVL, 00000000:38:00.0, 0 %, 0 %, 5070 MiB, 95830 MiB, 92.12 W, 57, 5, 16
2026/01/26 06:36:19.914, NVIDIA H100 NVL, 00000000:A8:00.0, 0 %, 0 %, 17 MiB, 95830 MiB, 89.05 W, 49, 5, 16
2026/01/26 06:36:20.942, NVIDIA H100 NVL, 00000000:38:00.0, 6 %, 0 %, 4936 MiB, 95830 MiB, 92.27 W, 57, 5, 16
2026/01/26 06:36:20.971, NVIDIA H100 NVL, 00000000:A8:00.0, 0 %, 0 %, 17 MiB, 95830 MiB, 89.01 W, 49, 5, 16
2026/01/26 06:36:22.000, NVIDIA H100 NVL, 00000000:38:00.0, 0 %, 0 %, 4968 MiB, 95830 MiB, 92.19 W, 57, 5, 16
2026/01/26 06:36:22.028, NVIDIA H100 NVL, 00000000:A8:00.0, 0 %, 0 %, 17 MiB, 95830 MiB, 89.04 W, 49, 5, 16
2026/01/26 06:36:23.057, NVIDIA H100 NVL, 00000000:38:00.0, 39 %, 0 %, 4978 MiB, 95830 MiB, 92.24 W, 57, 5, 16
2026/01/26 06:36:23.086, NVIDIA H100 NVL, 00000000:A8:00.0, 0 %, 0 %, 17 MiB, 95830 MiB, 89.16 W, 49, 5, 16
2026/01/26 06:36:24.116, NVIDIA H100 NVL, 00000000:38:00.0, 62 %, 0 %, 5010 MiB, 95830 MiB, 92.19 W, 57, 5, 16
2026/01/26 06:36:24.144, NVIDIA H100 NVL, 00000000:A8:00.0, 0 %, 0 %, 17 MiB, 95830 MiB, 89.03 W, 49, 5, 16
2026/01/26 06:36:25.172, NVIDIA H100 NVL, 00000000:38:00.0, 1 %, 0 %, 5048 MiB, 95830 MiB, 92.14 W, 57, 5, 16
2026/01/26 06:36:25.209, NVIDIA H100 NVL, 00000000:A8:00.0, 0 %, 0 %, 17 MiB, 95830 MiB, 89.01 W, 49, 5, 16
2026/01/26 06:36:26.237, NVIDIA H100 NVL, 00000000:38:00.0, 10 %, 0 %, 5070 MiB, 95830 MiB, 92.57 W, 57, 5, 16
2026/01/26 06:36:26.266, NVIDIA H100 NVL, 00000000:A8:00.0, 0 %, 0 %, 17 MiB, 95830 MiB, 89.02 W, 49, 5, 16
2026/01/26 06:36:27.294, NVIDIA H100 NVL, 00000000:38:00.0, 89 %, 2 %, 3280 MiB, 95830 MiB, 127.01 W, 58, 5, 16
2026/01/26 06:36:27.322, NVIDIA H100 NVL, 00000000:A8:00.0, 0 %, 0 %, 17 MiB, 95830 MiB, 89.02 W, 49, 5, 16
2026/01/26 06:36:28.350, NVIDIA H100 NVL, 00000000:38:00.0, 1 %, 0 %, 1786 MiB, 95830 MiB, 94.49 W, 57, 5, 16
2026/01/26 06:36:28.380, NVIDIA H100 NVL, 00000000:A8:00.0, 0 %, 0 %, 17 MiB, 95830 MiB, 89.06 W, 49, 5, 16
2026/01/26 06:36:29.408, NVIDIA H100 NVL, 00000000:38:00.0, 0 %, 0 %, 1288 MiB, 95830 MiB, 94.73 W, 57, 5, 16
2026/01/26 06:36:29.438, NVIDIA H100 NVL, 00000000:A8:00.0, 0 %, 0 %, 17 MiB, 95830 MiB, 89.04 W, 49, 5, 16
2026/01/26 06:36:30.468, NVIDIA H100 NVL, 00000000:38:00.0, 0 %, 0 %, 630 MiB, 95830 MiB, 94.64 W, 57, 5, 16
2026/01/26 06:36:30.640, NVIDIA H100 NVL, 00000000:A8:00.0, 0 %, 0 %, 17 MiB, 95830 MiB, 89.10 W, 49, 5, 16
2026/01/26 06:36:31.669, NVIDIA H100 NVL, 00000000:38:00.0, 0 %, 0 %, 1150 MiB, 95830 MiB, 94.57 W, 57, 5, 16
2026/01/26 06:36:31.712, NVIDIA H100 NVL, 00000000:A8:00.0, 0 %, 0 %, 17 MiB, 95830 MiB, 88.99 W, 49, 5, 16
2026/01/26 06:36:32.742, NVIDIA H100 NVL, 00000000:38:00.0, 1 %, 0 %, 1412 MiB, 95830 MiB, 94.49 W, 57, 5, 16
2026/01/26 06:36:32.976, NVIDIA H100 NVL, 00000000:A8:00.0, 0 %, 0 %, 17 MiB, 95830 MiB, 89.11 W, 49, 5, 16
2026/01/26 06:36:34.005, NVIDIA H100 NVL, 00000000:38:00.0, 0 %, 0 %, 1434 MiB, 95830 MiB, 92.53 W, 57, 5, 16
2026/01/26 06:36:34.034, NVIDIA H100 NVL, 00000000:A8:00.0, 0 %, 0 %, 17 MiB, 95830 MiB, 89.11 W, 49, 5, 16
2026/01/26 06:36:35.064, NVIDIA H100 NVL, 00000000:38:00.0, 4 %, 0 %, 1970 MiB, 95830 MiB, 92.12 W, 57, 5, 16
2026/01/26 06:36:35.093, NVIDIA H100 NVL, 00000000:A8:00.0, 0 %, 0 %, 17 MiB, 95830 MiB, 88.97 W, 49, 5, 16
2026/01/26 06:36:36.121, NVIDIA H100 NVL, 00000000:38:00.0, 0 %, 0 %, 4638 MiB, 95830 MiB, 91.89 W, 57, 5, 16
2026/01/26 06:36:36.151, NVIDIA H100 NVL, 00000000:A8:00.0, 0 %, 0 %, 17 MiB, 95830 MiB, 89.08 W, 49, 5, 16
2026/01/26 06:36:37.179, NVIDIA H100 NVL, 00000000:38:00.0, 0 %, 0 %, 5286 MiB, 95830 MiB, 92.11 W, 57, 5, 16
2026/01/26 06:36:37.208, NVIDIA H100 NVL, 00000000:A8:00.0, 0 %, 0 %, 17 MiB, 95830 MiB, 89.02 W, 49, 5, 16
2026/01/26 06:36:38.236, NVIDIA H100 NVL, 00000000:38:00.0, 0 %, 0 %, 5358 MiB, 95830 MiB, 91.97 W, 57, 5, 16
2026/01/26 06:36:38.265, NVIDIA H100 NVL, 00000000:A8:00.0, 0 %, 0 %, 17 MiB, 95830 MiB, 89.02 W, 49, 5, 16
2026/01/26 06:36:39.293, NVIDIA H100 NVL, 00000000:38:00.0, 0 %, 0 %, 5426 MiB, 95830 MiB, 91.97 W, 57, 5, 16
2026/01/26 06:36:39.323, NVIDIA H100 NVL, 00000000:A8:00.0, 0 %, 0 %, 17 MiB, 95830 MiB, 89.11 W, 49, 5, 16
2026/01/26 06:36:40.351, NVIDIA H100 NVL, 00000000:38:00.0, 0 %, 0 %, 5500 MiB, 95830 MiB, 91.98 W, 57, 5, 16
2026/01/26 06:36:40.381, NVIDIA H100 NVL, 00000000:A8:00.0, 0 %, 0 %, 17 MiB, 95830 MiB, 88.96 W, 49, 5, 16
2026/01/26 06:36:41.410, NVIDIA H100 NVL, 00000000:38:00.0, 39 %, 0 %, 5514 MiB, 95830 MiB, 92.14 W, 57, 5, 16
2026/01/26 06:36:41.439, NVIDIA H100 NVL, 00000000:A8:00.0, 0 %, 0 %, 17 MiB, 95830 MiB, 89.13 W, 49, 5, 16
2026/01/26 06:36:42.468, NVIDIA H100 NVL, 00000000:38:00.0, 50 %, 0 %, 5542 MiB, 95830 MiB, 92.05 W, 57, 5, 16
2026/01/26 06:36:42.496, NVIDIA H100 NVL, 00000000:A8:00.0, 0 %, 0 %, 17 MiB, 95830 MiB, 89.04 W, 49, 5, 16
2026/01/26 06:36:43.525, NVIDIA H100 NVL, 00000000:38:00.0, 0 %, 0 %, 5574 MiB, 95830 MiB, 92.04 W, 57, 5, 16
2026/01/26 06:36:43.553, NVIDIA H100 NVL, 00000000:A8:00.0, 0 %, 0 %, 17 MiB, 95830 MiB, 89.01 W, 49, 5, 16
2026/01/26 06:36:44.581, NVIDIA H100 NVL, 00000000:38:00.0, 43 %, 0 %, 5606 MiB, 95830 MiB, 92.05 W, 57, 5, 16
2026/01/26 06:36:44.610, NVIDIA H100 NVL, 00000000:A8:00.0, 0 %, 0 %, 17 MiB, 95830 MiB, 89.10 W, 49, 5, 16
2026/01/26 06:36:45.650, NVIDIA H100 NVL, 00000000:38:00.0, 47 %, 0 %, 5622 MiB, 95830 MiB, 92.06 W, 57, 5, 16
2026/01/26 06:36:45.679, NVIDIA H100 NVL, 00000000:A8:00.0, 0 %, 0 %, 17 MiB, 95830 MiB, 89.01 W, 49, 5, 16
2026/01/26 06:36:46.708, NVIDIA H100 NVL, 00000000:38:00.0, 94 %, 0 %, 5660 MiB, 95830 MiB, 92.03 W, 57, 5, 16
2026/01/26 06:36:46.737, NVIDIA H100 NVL, 00000000:A8:00.0, 0 %, 0 %, 17 MiB, 95830 MiB, 89.04 W, 49, 5, 16
2026/01/26 06:36:47.765, NVIDIA H100 NVL, 00000000:38:00.0, 1 %, 0 %, 5682 MiB, 95830 MiB, 95.48 W, 58, 5, 16
2026/01/26 06:36:47.793, NVIDIA H100 NVL, 00000000:A8:00.0, 0 %, 0 %, 17 MiB, 95830 MiB, 89.06 W, 49, 5, 16
2026/01/26 06:36:48.821, NVIDIA H100 NVL, 00000000:38:00.0, 90 %, 2 %, 5446 MiB, 95830 MiB, 131.04 W, 58, 5, 16
2026/01/26 06:36:48.850, NVIDIA H100 NVL, 00000000:A8:00.0, 0 %, 0 %, 17 MiB, 95830 MiB, 88.97 W, 49, 5, 16
2026/01/26 06:36:49.878, NVIDIA H100 NVL, 00000000:38:00.0, 0 %, 0 %, 5514 MiB, 95830 MiB, 92.14 W, 57, 5, 16
2026/01/26 06:36:49.908, NVIDIA H100 NVL, 00000000:A8:00.0, 0 %, 0 %, 17 MiB, 95830 MiB, 89.09 W, 49, 5, 16
2026/01/26 06:36:50.936, NVIDIA H100 NVL, 00000000:38:00.0, 0 %, 0 %, 5586 MiB, 95830 MiB, 91.98 W, 57, 5, 16
2026/01/26 06:36:50.965, NVIDIA H100 NVL, 00000000:A8:00.0, 0 %, 0 %, 17 MiB, 95830 MiB, 89.10 W, 49, 5, 16
2026/01/26 06:36:51.993, NVIDIA H100 NVL, 00000000:38:00.0, 0 %, 0 %, 5654 MiB, 95830 MiB, 91.98 W, 57, 5, 16
2026/01/26 06:36:52.022, NVIDIA H100 NVL, 00000000:A8:00.0, 0 %, 0 %, 17 MiB, 95830 MiB, 89.12 W, 49, 5, 16
2026/01/26 06:36:53.050, NVIDIA H100 NVL, 00000000:38:00.0, 100 %, 0 %, 5498 MiB, 95830 MiB, 92.05 W, 57, 5, 16
2026/01/26 06:36:53.079, NVIDIA H100 NVL, 00000000:A8:00.0, 0 %, 0 %, 17 MiB, 95830 MiB, 89.12 W, 49, 5, 16
2026/01/26 06:36:54.108, NVIDIA H100 NVL, 00000000:38:00.0, 40 %, 0 %, 5532 MiB, 95830 MiB, 92.12 W, 57, 5, 16
2026/01/26 06:36:54.136, NVIDIA H100 NVL, 00000000:A8:00.0, 0 %, 0 %, 17 MiB, 95830 MiB, 89.11 W, 49, 5, 16
2026/01/26 06:36:55.164, NVIDIA H100 NVL, 00000000:38:00.0, 23 %, 0 %, 5564 MiB, 95830 MiB, 92.03 W, 57, 5, 16
2026/01/26 06:36:55.193, NVIDIA H100 NVL, 00000000:A8:00.0, 0 %, 0 %, 17 MiB, 95830 MiB, 89.02 W, 49, 5, 16
2026/01/26 06:36:56.221, NVIDIA H100 NVL, 00000000:38:00.0, 35 %, 0 %, 5574 MiB, 95830 MiB, 92.05 W, 57, 5, 16
2026/01/26 06:36:56.249, NVIDIA H100 NVL, 00000000:A8:00.0, 0 %, 0 %, 17 MiB, 95830 MiB, 89.01 W, 49, 5, 16
2026/01/26 06:36:57.279, NVIDIA H100 NVL, 00000000:38:00.0, 51 %, 0 %, 5610 MiB, 95830 MiB, 92.04 W, 57, 5, 16
2026/01/26 06:36:57.308, NVIDIA H100 NVL, 00000000:A8:00.0, 0 %, 0 %, 17 MiB, 95830 MiB, 89.14 W, 49, 5, 16
2026/01/26 06:36:58.336, NVIDIA H100 NVL, 00000000:38:00.0, 0 %, 0 %, 5644 MiB, 95830 MiB, 91.97 W, 57, 5, 16
2026/01/26 06:36:58.365, NVIDIA H100 NVL, 00000000:A8:00.0, 0 %, 0 %, 17 MiB, 95830 MiB, 89.06 W, 49, 5, 16
2026/01/26 06:36:59.393, NVIDIA H100 NVL, 00000000:38:00.0, 39 %, 0 %, 5676 MiB, 95830 MiB, 91.98 W, 57, 5, 16
2026/01/26 06:36:59.427, NVIDIA H100 NVL, 00000000:A8:00.0, 0 %, 0 %, 17 MiB, 95830 MiB, 89.09 W, 49, 5, 16
2026/01/26 06:37:00.455, NVIDIA H100 NVL, 00000000:38:00.0, 90 %, 2 %, 5682 MiB, 95830 MiB, 110.68 W, 58, 5, 16
2026/01/26 06:37:00.484, NVIDIA H100 NVL, 00000000:A8:00.0, 0 %, 0 %, 17 MiB, 95830 MiB, 89.06 W, 49, 5, 16
2026/01/26 06:37:01.512, NVIDIA H100 NVL, 00000000:38:00.0, 0 %, 0 %, 5470 MiB, 95830 MiB, 116.22 W, 57, 5, 16
2026/01/26 06:37:01.541, NVIDIA H100 NVL, 00000000:A8:00.0, 0 %, 0 %, 17 MiB, 95830 MiB, 88.97 W, 49, 5, 16
2026/01/26 06:37:02.569, NVIDIA H100 NVL, 00000000:38:00.0, 0 %, 0 %, 5542 MiB, 95830 MiB, 91.98 W, 57, 5, 16
2026/01/26 06:37:02.598, NVIDIA H100 NVL, 00000000:A8:00.0, 0 %, 0 %, 17 MiB, 95830 MiB, 89.03 W, 49, 5, 16
2026/01/26 06:37:03.627, NVIDIA H100 NVL, 00000000:38:00.0, 0 %, 0 %, 5610 MiB, 95830 MiB, 91.97 W, 57, 5, 16
2026/01/26 06:37:03.655, NVIDIA H100 NVL, 00000000:A8:00.0, 0 %, 0 %, 17 MiB, 95830 MiB, 88.99 W, 49, 5, 16
2026/01/26 06:37:04.683, NVIDIA H100 NVL, 00000000:38:00.0, 0 %, 0 %, 5682 MiB, 95830 MiB, 91.96 W, 57, 5, 16
2026/01/26 06:37:04.713, NVIDIA H100 NVL, 00000000:A8:00.0, 0 %, 0 %, 17 MiB, 95830 MiB, 89.07 W, 49, 5, 16
2026/01/26 06:37:05.742, NVIDIA H100 NVL, 00000000:38:00.0, 0 %, 0 %, 5516 MiB, 95830 MiB, 92.00 W, 57, 5, 16
2026/01/26 06:37:05.770, NVIDIA H100 NVL, 00000000:A8:00.0, 0 %, 0 %, 17 MiB, 95830 MiB, 89.09 W, 49, 5, 16
2026/01/26 06:37:06.798, NVIDIA H100 NVL, 00000000:38:00.0, 39 %, 0 %, 5548 MiB, 95830 MiB, 92.01 W, 57, 5, 16
2026/01/26 06:37:06.827, NVIDIA H100 NVL, 00000000:A8:00.0, 0 %, 0 %, 17 MiB, 95830 MiB, 89.06 W, 49, 5, 16
2026/01/26 06:37:07.855, NVIDIA H100 NVL, 00000000:38:00.0, 46 %, 0 %, 5562 MiB, 95830 MiB, 92.06 W, 57, 5, 16
2026/01/26 06:37:07.885, NVIDIA H100 NVL, 00000000:A8:00.0, 0 %, 0 %, 17 MiB, 95830 MiB, 89.06 W, 49, 5, 16
2026/01/26 06:37:08.915, NVIDIA H100 NVL, 00000000:38:00.0, 75 %, 0 %, 5596 MiB, 95830 MiB, 92.01 W, 57, 5, 16
2026/01/26 06:37:08.944, NVIDIA H100 NVL, 00000000:A8:00.0, 0 %, 0 %, 17 MiB, 95830 MiB, 89.00 W, 49, 5, 16
2026/01/26 06:37:09.976, NVIDIA H100 NVL, 00000000:38:00.0, 1 %, 0 %, 5628 MiB, 95830 MiB, 91.98 W, 57, 5, 16
2026/01/26 06:37:10.006, NVIDIA H100 NVL, 00000000:A8:00.0, 0 %, 0 %, 17 MiB, 95830 MiB, 89.12 W, 49, 5, 16
2026/01/26 06:37:11.035, NVIDIA H100 NVL, 00000000:38:00.0, 1 %, 0 %, 5654 MiB, 95830 MiB, 91.95 W, 57, 5, 16
2026/01/26 06:37:11.063, NVIDIA H100 NVL, 00000000:A8:00.0, 0 %, 0 %, 17 MiB, 95830 MiB, 89.13 W, 49, 5, 16
2026/01/26 06:37:12.097, NVIDIA H100 NVL, 00000000:38:00.0, 76 %, 0 %, 5674 MiB, 95830 MiB, 92.01 W, 57, 5, 16
2026/01/26 06:37:12.126, NVIDIA H100 NVL, 00000000:A8:00.0, 0 %, 0 %, 17 MiB, 95830 MiB, 89.14 W, 49, 5, 16
2026/01/26 06:37:13.154, NVIDIA H100 NVL, 00000000:38:00.0, 90 %, 2 %, 5682 MiB, 95830 MiB, 127.31 W, 58, 5, 16
2026/01/26 06:37:13.183, NVIDIA H100 NVL, 00000000:A8:00.0, 0 %, 0 %, 17 MiB, 95830 MiB, 89.06 W, 49, 5, 16
2026/01/26 06:37:14.211, NVIDIA H100 NVL, 00000000:38:00.0, 0 %, 0 %, 3176 MiB, 95830 MiB, 97.51 W, 57, 5, 16
2026/01/26 06:37:14.343, NVIDIA H100 NVL, 00000000:A8:00.0, 0 %, 0 %, 17 MiB, 95830 MiB, 89.06 W, 49, 5, 16
2026/01/26 06:37:15.371, NVIDIA H100 NVL, 00000000:38:00.0, 1 %, 0 %, 1288 MiB, 95830 MiB, 94.63 W, 57, 5, 16
2026/01/26 06:37:15.400, NVIDIA H100 NVL, 00000000:A8:00.0, 0 %, 0 %, 17 MiB, 95830 MiB, 89.06 W, 49, 5, 16
2026/01/26 06:37:16.428, NVIDIA H100 NVL, 00000000:38:00.0, 0 %, 0 %, 540 MiB, 95830 MiB, 94.53 W, 57, 5, 16
2026/01/26 06:37:16.481, NVIDIA H100 NVL, 00000000:A8:00.0, 0 %, 0 %, 17 MiB, 95830 MiB, 89.08 W, 49, 5, 16
2026/01/26 06:37:17.509, NVIDIA H100 NVL, 00000000:38:00.0, 0 %, 0 %, 14 MiB, 95830 MiB, 94.51 W, 57, 5, 16
2026/01/26 06:37:17.538, NVIDIA H100 NVL, 00000000:A8:00.0, 0 %, 0 %, 14 MiB, 95830 MiB, 88.97 W, 49, 5, 16
2026/01/26 06:37:18.566, NVIDIA H100 NVL, 00000000:38:00.0, 0 %, 0 %, 14 MiB, 95830 MiB, 94.50 W, 57, 5, 16
2026/01/26 06:37:18.594, NVIDIA H100 NVL, 00000000:A8:00.0, 0 %, 0 %, 14 MiB, 95830 MiB, 89.00 W, 49, 5, 16
2026/01/26 06:37:19.622, NVIDIA H100 NVL, 00000000:38:00.0, 0 %, 0 %, 14 MiB, 95830 MiB, 94.50 W, 57, 5, 16
2026/01/26 06:37:19.651, NVIDIA H100 NVL, 00000000:A8:00.0, 0 %, 0 %, 14 MiB, 95830 MiB, 89.04 W, 49, 5, 16
2026/01/26 06:37:20.679, NVIDIA H100 NVL, 00000000:38:00.0, 0 %, 0 %, 14 MiB, 95830 MiB, 94.47 W, 57, 5, 16
2026/01/26 06:37:20.708, NVIDIA H100 NVL, 00000000:A8:00.0, 0 %, 0 %, 14 MiB, 95830 MiB, 89.04 W, 49, 5, 16
2026/01/26 06:37:21.736, NVIDIA H100 NVL, 00000000:38:00.0, 0 %, 0 %, 14 MiB, 95830 MiB, 94.45 W, 57, 5, 16
2026/01/26 06:37:21.765, NVIDIA H100 NVL, 00000000:A8:00.0, 0 %, 0 %, 14 MiB, 95830 MiB, 88.99 W, 49, 5, 16
2026/01/26 06:37:22.792, NVIDIA H100 NVL, 00000000:38:00.0, 0 %, 0 %, 14 MiB, 95830 MiB, 94.47 W, 57, 5, 16
2026/01/26 06:37:22.821, NVIDIA H100 NVL, 00000000:A8:00.0, 0 %, 0 %, 14 MiB, 95830 MiB, 89.04 W, 49, 5, 16
2026/01/26 06:37:23.849, NVIDIA H100 NVL, 00000000:38:00.0, 0 %, 0 %, 14 MiB, 95830 MiB, 92.68 W, 57, 5, 16
2026/01/26 06:37:23.879, NVIDIA H100 NVL, 00000000:A8:00.0, 0 %, 0 %, 14 MiB, 95830 MiB, 88.99 W, 49, 5, 16
2026/01/26 06:37:24.907, NVIDIA H100 NVL, 00000000:38:00.0, 0 %, 0 %, 14 MiB, 95830 MiB, 92.07 W, 57, 5, 16
2026/01/26 06:37:24.935, NVIDIA H100 NVL, 00000000:A8:00.0, 0 %, 0 %, 14 MiB, 95830 MiB, 88.98 W, 49, 5, 16
2026/01/26 06:37:25.963, NVIDIA H100 NVL, 00000000:38:00.0, 0 %, 0 %, 14 MiB, 95830 MiB, 92.07 W, 57, 5, 16
2026/01/26 06:37:25.992, NVIDIA H100 NVL, 00000000:A8:00.0, 0 %, 0 %, 14 MiB, 95830 MiB, 89.02 W, 49, 5, 16
2026/01/26 06:37:27.020, NVIDIA H100 NVL, 00000000:38:00.0, 0 %, 0 %, 14 MiB, 95830 MiB, 92.07 W, 57, 5, 16
2026/01/26 06:37:27.049, NVIDIA H100 NVL, 00000000:A8:00.0, 0 %, 0 %, 14 MiB, 95830 MiB, 89.02 W, 49, 5, 16
2026/01/26 06:37:28.077, NVIDIA H100 NVL, 00000000:38:00.0, 0 %, 0 %, 14 MiB, 95830 MiB, 92.08 W, 57, 5, 16
2026/01/26 06:37:28.106, NVIDIA H100 NVL, 00000000:A8:00.0, 0 %, 0 %, 14 MiB, 95830 MiB, 89.00 W, 49, 5, 16
2026/01/26 06:37:29.133, NVIDIA H100 NVL, 00000000:38:00.0, 0 %, 0 %, 14 MiB, 95830 MiB, 92.07 W, 57, 5, 16
2026/01/26 06:37:29.162, NVIDIA H100 NVL, 00000000:A8:00.0, 0 %, 0 %, 14 MiB, 95830 MiB, 89.04 W, 49, 5, 16
2026/01/26 06:37:30.190, NVIDIA H100 NVL, 00000000:38:00.0, 0 %, 0 %, 14 MiB, 95830 MiB, 92.08 W, 57, 5, 16
2026/01/26 06:37:30.220, NVIDIA H100 NVL, 00000000:A8:00.0, 0 %, 0 %, 14 MiB, 95830 MiB, 89.04 W, 49, 5, 16
2026/01/26 06:37:31.249, NVIDIA H100 NVL, 00000000:38:00.0, 0 %, 0 %, 14 MiB, 95830 MiB, 92.07 W, 57, 5, 16
2026/01/26 06:37:31.278, NVIDIA H100 NVL, 00000000:A8:00.0, 0 %, 0 %, 14 MiB, 95830 MiB, 89.08 W, 49, 5, 16
2026/01/26 06:37:32.306, NVIDIA H100 NVL, 00000000:38:00.0, 0 %, 0 %, 14 MiB, 95830 MiB, 92.06 W, 57, 5, 16
2026/01/26 06:37:32.334, NVIDIA H100 NVL, 00000000:A8:00.0, 0 %, 0 %, 14 MiB, 95830 MiB, 88.95 W, 49, 5, 16
2026/01/26 06:37:33.362, NVIDIA H100 NVL, 00000000:38:00.0, 0 %, 0 %, 14 MiB, 95830 MiB, 92.05 W, 57, 5, 16
2026/01/26 06:37:33.391, NVIDIA H100 NVL, 00000000:A8:00.0, 0 %, 0 %, 14 MiB, 95830 MiB, 88.99 W, 49, 5, 16
2026/01/26 06:37:34.419, NVIDIA H100 NVL, 00000000:38:00.0, 0 %, 0 %, 14 MiB, 95830 MiB, 92.08 W, 57, 5, 16
2026/01/26 06:37:34.448, NVIDIA H100 NVL, 00000000:A8:00.0, 0 %, 0 %, 14 MiB, 95830 MiB, 89.10 W, 49, 5, 16
2026/01/26 06:37:35.476, NVIDIA H100 NVL, 00000000:38:00.0, 0 %, 0 %, 14 MiB, 95830 MiB, 92.06 W, 57, 5, 16
2026/01/26 06:37:35.505, NVIDIA H100 NVL, 00000000:A8:00.0, 0 %, 0 %, 14 MiB, 95830 MiB, 88.96 W, 49, 5, 16
2026/01/26 06:37:36.533, NVIDIA H100 NVL, 00000000:38:00.0, 0 %, 0 %, 14 MiB, 95830 MiB, 92.07 W, 57, 5, 16
2026/01/26 06:37:36.562, NVIDIA H100 NVL, 00000000:A8:00.0, 0 %, 0 %, 14 MiB, 95830 MiB, 89.05 W, 49, 5, 16
2026/01/26 06:37:37.590, NVIDIA H100 NVL, 00000000:38:00.0, 0 %, 0 %, 14 MiB, 95830 MiB, 92.06 W, 57, 5, 16
2026/01/26 06:37:37.619, NVIDIA H100 NVL, 00000000:A8:00.0, 0 %, 0 %, 14 MiB, 95830 MiB, 89.00 W, 49, 5, 16
2026/01/26 06:37:38.647, NVIDIA H100 NVL, 00000000:38:00.0, 0 %, 0 %, 14 MiB, 95830 MiB, 92.01 W, 57, 5, 16
2026/01/26 06:37:38.675, NVIDIA H100 NVL, 00000000:A8:00.0, 0 %, 0 %, 14 MiB, 95830 MiB, 89.05 W, 49, 5, 16
2026/01/26 06:37:39.703, NVIDIA H100 NVL, 00000000:38:00.0, 0 %, 0 %, 14 MiB, 95830 MiB, 92.07 W, 57, 5, 16
2026/01/26 06:37:39.731, NVIDIA H100 NVL, 00000000:A8:00.0, 0 %, 0 %, 14 MiB, 95830 MiB, 89.01 W, 49, 5, 16
2026/01/26 06:37:40.759, NVIDIA H100 NVL, 00000000:38:00.0, 0 %, 0 %, 14 MiB, 95830 MiB, 91.97 W, 57, 5, 16
2026/01/26 06:37:40.788, NVIDIA H100 NVL, 00000000:A8:00.0, 0 %, 0 %, 14 MiB, 95830 MiB, 88.99 W, 49, 5, 16
2026/01/26 06:37:41.816, NVIDIA H100 NVL, 00000000:38:00.0, 0 %, 0 %, 14 MiB, 95830 MiB, 91.99 W, 57, 5, 16
2026/01/26 06:37:41.845, NVIDIA H100 NVL, 00000000:A8:00.0, 0 %, 0 %, 14 MiB, 95830 MiB, 89.11 W, 49, 5, 16
2026/01/26 06:37:42.873, NVIDIA H100 NVL, 00000000:38:00.0, 0 %, 0 %, 14 MiB, 95830 MiB, 92.01 W, 57, 5, 16
2026/01/26 06:37:42.901, NVIDIA H100 NVL, 00000000:A8:00.0, 0 %, 0 %, 14 MiB, 95830 MiB, 89.00 W, 49, 5, 16
2026/01/26 06:37:43.929, NVIDIA H100 NVL, 00000000:38:00.0, 0 %, 0 %, 14 MiB, 95830 MiB, 91.93 W, 57, 5, 16
2026/01/26 06:37:43.958, NVIDIA H100 NVL, 00000000:A8:00.0, 0 %, 0 %, 14 MiB, 95830 MiB, 89.05 W, 49, 5, 16
2026/01/26 06:37:44.986, NVIDIA H100 NVL, 00000000:38:00.0, 0 %, 0 %, 14 MiB, 95830 MiB, 91.92 W, 57, 5, 16
2026/01/26 06:37:45.015, NVIDIA H100 NVL, 00000000:A8:00.0, 0 %, 0 %, 14 MiB, 95830 MiB, 89.01 W, 49, 5, 16
2026/01/26 06:37:46.043, NVIDIA H100 NVL, 00000000:38:00.0, 0 %, 0 %, 14 MiB, 95830 MiB, 91.83 W, 57, 5, 16
2026/01/26 06:37:46.071, NVIDIA H100 NVL, 00000000:A8:00.0, 0 %, 0 %, 14 MiB, 95830 MiB, 89.10 W, 49, 5, 16
2026/01/26 06:37:47.099, NVIDIA H100 NVL, 00000000:38:00.0, 0 %, 0 %, 14 MiB, 95830 MiB, 91.88 W, 57, 5, 16
2026/01/26 06:37:47.128, NVIDIA H100 NVL, 00000000:A8:00.0, 0 %, 0 %, 14 MiB, 95830 MiB, 89.00 W, 49, 5, 16
2026/01/26 06:37:48.156, NVIDIA H100 NVL, 00000000:38:00.0, 0 %, 0 %, 14 MiB, 95830 MiB, 91.87 W, 57, 5, 16
2026/01/26 06:37:48.184, NVIDIA H100 NVL, 00000000:A8:00.0, 0 %, 0 %, 14 MiB, 95830 MiB, 88.96 W, 49, 5, 16
2026/01/26 06:37:49.212, NVIDIA H100 NVL, 00000000:38:00.0, 0 %, 0 %, 14 MiB, 95830 MiB, 91.86 W, 57, 5, 16
2026/01/26 06:37:49.241, NVIDIA H100 NVL, 00000000:A8:00.0, 0 %, 0 %, 14 MiB, 95830 MiB, 89.11 W, 49, 5, 16
2026/01/26 06:37:50.269, NVIDIA H100 NVL, 00000000:38:00.0, 0 %, 0 %, 14 MiB, 95830 MiB, 91.78 W, 57, 5, 16
2026/01/26 06:37:50.298, NVIDIA H100 NVL, 00000000:A8:00.0, 0 %, 0 %, 14 MiB, 95830 MiB, 88.98 W, 49, 5, 16
2026/01/26 06:37:51.326, NVIDIA H100 NVL, 00000000:38:00.0, 0 %, 0 %, 14 MiB, 95830 MiB, 91.76 W, 57, 5, 16
2026/01/26 06:37:51.354, NVIDIA H100 NVL, 00000000:A8:00.0, 0 %, 0 %, 14 MiB, 95830 MiB, 89.00 W, 49, 5, 16
2026/01/26 06:37:52.382, NVIDIA H100 NVL, 00000000:38:00.0, 0 %, 0 %, 14 MiB, 95830 MiB, 91.76 W, 57, 5, 16
2026/01/26 06:37:52.411, NVIDIA H100 NVL, 00000000:A8:00.0, 0 %, 0 %, 14 MiB, 95830 MiB, 89.04 W, 49, 5, 16
2026/01/26 06:37:53.439, NVIDIA H100 NVL, 00000000:38:00.0, 0 %, 0 %, 14 MiB, 95830 MiB, 91.76 W, 57, 5, 16
2026/01/26 06:37:53.468, NVIDIA H100 NVL, 00000000:A8:00.0, 0 %, 0 %, 14 MiB, 95830 MiB, 88.98 W, 49, 5, 16
2026/01/26 06:37:54.496, NVIDIA H100 NVL, 00000000:38:00.0, 0 %, 0 %, 14 MiB, 95830 MiB, 91.74 W, 57, 5, 16
2026/01/26 06:37:54.526, NVIDIA H100 NVL, 00000000:A8:00.0, 0 %, 0 %, 14 MiB, 95830 MiB, 88.98 W, 49, 5, 16
2026/01/26 06:37:55.555, NVIDIA H100 NVL, 00000000:38:00.0, 0 %, 0 %, 14 MiB, 95830 MiB, 91.72 W, 57, 5, 16
2026/01/26 06:37:55.584, NVIDIA H100 NVL, 00000000:A8:00.0, 0 %, 0 %, 14 MiB, 95830 MiB, 88.99 W, 49, 5, 16
2026/01/26 06:37:56.612, NVIDIA H100 NVL, 00000000:38:00.0, 0 %, 0 %, 14 MiB, 95830 MiB, 91.69 W, 57, 5, 16
2026/01/26 06:37:56.643, NVIDIA H100 NVL, 00000000:A8:00.0, 0 %, 0 %, 14 MiB, 95830 MiB, 88.97 W, 49, 5, 16
2026/01/26 06:37:57.671, NVIDIA H100 NVL, 00000000:38:00.0, 0 %, 0 %, 14 MiB, 95830 MiB, 91.68 W, 57, 5, 16
2026/01/26 06:37:57.699, NVIDIA H100 NVL, 00000000:A8:00.0, 0 %, 0 %, 14 MiB, 95830 MiB, 89.01 W, 49, 5, 16
2026/01/26 06:37:58.727, NVIDIA H100 NVL, 00000000:38:00.0, 0 %, 0 %, 14 MiB, 95830 MiB, 91.65 W, 57, 5, 16
2026/01/26 06:37:58.756, NVIDIA H100 NVL, 00000000:A8:00.0, 0 %, 0 %, 14 MiB, 95830 MiB, 89.12 W, 49, 5, 16
2026/01/26 06:37:59.784, NVIDIA H100 NVL, 00000000:38:00.0, 0 %, 0 %, 14 MiB, 95830 MiB, 91.68 W, 57, 5, 16
2026/01/26 06:37:59.813, NVIDIA H100 NVL, 00000000:A8:00.0, 0 %, 0 %, 14 MiB, 95830 MiB, 89.02 W, 49, 5, 16
2026/01/26 06:38:00.841, NVIDIA H100 NVL, 00000000:38:00.0, 0 %, 0 %, 14 MiB, 95830 MiB, 91.59 W, 57, 5, 16
2026/01/26 06:38:00.870, NVIDIA H100 NVL, 00000000:A8:00.0, 0 %, 0 %, 14 MiB, 95830 MiB, 89.03 W, 49, 5, 16
2026/01/26 06:38:01.897, NVIDIA H100 NVL, 00000000:38:00.0, 0 %, 0 %, 14 MiB, 95830 MiB, 91.65 W, 57, 5, 16
2026/01/26 06:38:01.927, NVIDIA H100 NVL, 00000000:A8:00.0, 0 %, 0 %, 14 MiB, 95830 MiB, 89.04 W, 49, 5, 16
